Angler	http://www.seafishingfacts.com/angler.htm	https://www.google.co.uk/search?tbm=isch&q=caught+angler+fish&cad=h
Bass	http://www.seafishingfacts.com/bass.htm	https://www.google.co.uk/search?tbm=isch&q=sea+bass+fish+uk&cad=h
Bream	http://www.seafishingfacts.com/bream.htm	https://www.google.co.uk/search?site=&tbm=isch&source=hp&biw=1366&bih=599&q=black+bream+uk&oq=black+bream+uk&gs_l=img.12..0i24k1.5777.12777.0.15361.16.15.1.0.0.0.111.776.14j1.15.0....0...1.1.64.img..0.16.782...0.Ix6EIiQBCoI
Cod	http://www.seafishingfacts.com/cod.htm	https://www.google.com/search?newwindow=1&hl=en&tbm=isch&q=cod+fish&cad=h
Conger	http://www.seafishingfacts.com/conger.htm	https://www.google.com/search?newwindow=1&hl=en&tbm=isch&q=conger+fish&cad=h
Dab	http://www.seafishingfacts.com/dab.htm	https://www.google.com/search?newwindow=1&hl=en&tbm=isch&q=dab+fish&cad=h
Dogfish	http://www.seafishingfacts.com/dogfish.htm	https://www.google.com/search?newwindow=1&hl=en&tbm=isch&q=dogfish&cad=h
Dory	http://www.seafishingfacts.com/dory.htm	https://www.google.com/search?newwindow=1&hl=en&tbm=isch&q=john+dory&cad=h
Flounder	http://www.seafishingfacts.com/flounder.htm	https://www.google.com/search?newwindow=1&hl=en&tbm=isch&q=flounder&cad=h
Garfish	http://www.seafishingfacts.com/garfish.htm	https://www.google.com/search?newwindow=1&hl=en&tbm=isch&q=garfish&cad=h
Gurnard	http://www.seafishingfacts.com/gurnard.htm	https://www.google.com/search?newwindow=1&hl=en&tbm=isch&q=gurnard+grey&cad=h
Haddock	http://www.seafishingfacts.com/haddock.htm	https://www.google.co.uk/search?tbm=isch&q=caught+haddock+fish&cad=h
Hake	http://www.seafishingfacts.com/hake.htm	https://www.google.com/search?newwindow=1&hl=en&tbm=isch&q=hake+fish&cad=h
Halibut	http://www.seafishingfacts.com/halibut.htm	https://www.google.com/search?newwindow=1&hl=en&tbm=isch&q=halibut+fish&cad=h
Ling	http://www.seafishingfacts.com/ling.htm	https://www.google.com/search?newwindow=1&hl=en&tbm=isch&q=ling+fish&cad=h
Mackerel	http://www.seafishingfacts.com/mackerel.htm	https://www.google.com/search?newwindow=1&hl=en&tbm=isch&q=mackerel+fish&cad=h
Monkfish	http://www.seafishingfacts.com/monkfish.htm	https://www.google.com/search?newwindow=1&hl=en&tbm=isch&q=monkfish&cad=h
Mullet	http://www.seafishingfacts.com/mullet.htm	https://www.google.co.uk/search?biw=1366&bih=610&tbm=isch&sa=1&ei=EbmYW5foAc7MwAKro5mwBg&q=chelon+labrosus&oq=chelon+labrosus&gs_l=img.1.0.0j0i24k1.17402.24853.0.27477.15.10.0.5.5.0.183.674.8j2.10.0....0...1c.1.64.img..0.15.688...0i67k1j0i10k1j0i10i24k1.0.FOpbkf1mwcQ
Plaice	http://www.seafishingfacts.com/plaice.htm	https://www.google.com/search?newwindow=1&tbm=isch&q=plaice&chips=q:plaice,g_1:fishing&sa=X&ved=0ahUKEwiN_9XC0LXdAhWMJlAKHVscBY8Q4lYIKSgB&biw=1078&bih=552&dpr=1
Pollack	http://www.seafishingfacts.com/pollack.htm	https://www.google.com/search?newwindow=1&hl=en&nfpr=1&tbm=isch&q=pollack+fish&chips=q:pollack%20fish,g_1:fish%20species&cad=h
Pout	http://www.seafishingfacts.com/pout.htm	https://www.google.com/search?newwindow=1&hl=en&tbm=isch&q=pout+whiting+fish&cad=h
Ray	http://www.seafishingfacts.com/ray.htm	https://www.google.com/search?newwindow=1&hl=en&tbm=isch&q=thornback+ray&cad=h
Saithe	http://www.seafishingfacts.com/saithe.htm	https://www.google.com/search?newwindow=1&hl=en&tbm=isch&q=saithe+fish&cad=h
Shark	http://www.seafishingfacts.com/shark.htm	https://www.google.com/search?newwindow=1&hl=en&tbm=isch&q=shark+porbeagle&cad=h
Skate	http://www.seafishingfacts.com/skate.htm	https://www.google.com/search?newwindow=1&hl=en&tbm=isch&q=common+skate+fish&cad=h
Smoothhound	http://www.seafishingfacts.com/smoothhound.htm	https://www.google.com/search?newwindow=1&hl=en&tbm=isch&q=smoothhound+starry&cad=h
Spurdog	http://www.seafishingfacts.com/spurdog.htm	https://www.google.com/search?newwindow=1&tbm=isch&q=spurdog+shark&chips=q:spurdog+shark,online_chips:squalus+acanthias&usg=AI4_-kQk2z8ljHgafvM7zRYqPWS3FJn3NQ&sa=X&ved=0ahUKEwi82JSbtO_dAhWCbVAKHayZC_EQ4lYILSgF&biw=1366&bih=605&dpr=1
Tope	http://www.seafishingfacts.com/tope.htm	https://www.google.co.uk/search?newwindow=1&hl=en&tbm=isch&q=tope&cad=h
Turbot	http://www.seafishingfacts.com/turbot.htm	https://www.google.com/search?newwindow=1&hl=en&tbm=isch&q=turbot+fish&cad=h
Weever	http://www.seafishingfacts.com/weever.htm	https://www.google.com/search?newwindow=1&hl=en&tbm=isch&q=lesser+weever+fish&cad=h
Whiting	http://www.seafishingfacts.com/whiting.htm	https://www.google.com/search?newwindow=1&hl=en&tbm=isch&q=whiting+channel+fish&cad=h
Wrasse	http://www.seafishingfacts.com/wrasse.htm	https://www.google.com/search?newwindow=1&hl=en&tbm=isch&q=wrasse+ballan&cad=h